index,taz,sector
0,14008,29
1,14025,30
2,14027,30
3,14026,30
4,14023,30
5,14031,30
6,14030,30
7,14022,29
8,14028,30
9,14029,30
10,14032,30
11,20003,53
12,14024,30
13,16168,48
14,16169,48
15,16170,48
16,16174,48
17,16178,52
18,16179,52
19,16361,52
20,16358,52
21,16357,49
22,16180,48
23,16186,52
24,16187,52
25,16188,52
26,16189,52
27,16192,52
28,16202,52
29,16215,48
30,16218,48
31,16214,48
32,16219,48
33,16222,48
34,16223,48
35,18065,50
36,18064,50
37,18069,50
38,18070,50
39,18061,50
40,11042,3
41,11043,3
42,11035,4
43,11048,1
44,11055,4
45,11074,1
46,11075,1
47,11102,1
48,11103,1
49,11113,1
50,11114,1
51,11118,4
52,11130,1
53,11134,3
54,11135,3
55,11136,3
56,11138,3
57,11137,3
58,11140,10
59,11022,10
60,11141,10
61,11139,3
62,12005,56
63,12006,56
64,12016,17
65,12017,17
66,12018,17
67,12023,17
68,12022,17
69,12003,13
70,12052,56
71,12054,56
72,12056,56
73,12058,56
74,12065,13
75,12075,15
76,12074,15
77,12077,15
78,12097,17
79,12123,17
80,12127,17
81,12138,15
82,12148,15
83,12152,15
84,13003,19
85,13094,19
86,13091,19
87,13070,26
88,13147,26
89,13151,26
90,13176,26
91,13004,26
92,13218,26
93,13219,26
94,13270,20
95,13273,20
96,13276,20
97,13275,20
98,13277,20
99,13282,26
100,13310,19
101,13311,19
102,13312,19
103,13318,19
104,14041,27
105,14033,28
106,14002,28
107,14001,28
108,14009,29
109,14003,28
110,14010,29
111,15001,31
112,15273,31
113,15268,31
114,15002,31
115,15015,32
116,15014,32
117,15016,32
118,15017,32
119,15018,32
120,15019,32
121,15058,33
122,15061,33
123,15060,33
124,15062,33
125,15063,33
126,15082,34
127,15077,34
128,15078,34
129,15081,34
130,15267,31
131,15277,31
132,15362,34
133,15361,33
134,15363,33
135,15364,33
136,15365,33
137,15395,34
138,9033,0
139,15064,33
140,15079,33
141,9068,0
142,15080,34
143,9077,0
144,9034,0
145,9083,0
146,9065,0
147,9037,0
148,9035,0
149,9036,0
150,12013,16
151,12019,17
152,12043,16
153,12044,16
154,12047,16
155,12133,16
156,13101,23
157,13102,23
158,13148,26
159,13228,22
160,13241,23
161,13243,23
162,13244,23
163,13289,22
164,13291,23
165,13292,22
166,13294,22
167,13319,26
168,9026,26
169,13286,22
170,13287,22
171,13290,22
172,13300,23
173,13320,22
174,9066,0
175,9018,0
176,13225,22
177,13227,22
178,13226,22
179,13321,22
180,13305,22
181,13105,23
182,13106,23
183,13195,23
184,13196,23
185,13145,23
186,13146,23
187,13193,23
188,13197,23
189,13198,23
190,13207,23
191,13211,23
192,13299,23
193,9057,0
194,9017,0
195,13194,23
196,13297,23
197,13298,23
198,13301,22
199,13302,23
200,13303,23
201,13304,23
202,13191,23
203,13192,23
204,13288,22
205,13201,23
206,13202,23
207,13199,23
208,13209,23
209,13200,23
210,13203,23
211,13204,23
212,13205,26
213,13206,26
214,13212,23
215,13213,23
216,13210,23
217,13208,23
218,13103,23
219,13104,23
220,13214,23
221,13215,26
222,13216,26
223,13217,26
224,13001,19
225,13092,19
226,13099,19
227,13100,19
228,13138,19
229,13139,19
230,13250,22
231,13113,22
232,13112,21
233,9016,0
234,9055,0
235,13064,20
236,13065,20
237,13069,20
238,13075,23
239,13076,23
240,13074,20
241,13163,20
242,13164,20
243,13168,20
244,13169,20
245,13186,20
246,13160,21
247,13220,21
248,13221,21
249,13222,21
250,13223,21
251,13235,22
252,13236,21
253,13237,21
254,13242,23
255,13259,20
256,13261,20
257,13264,20
258,13265,20
259,13267,20
260,13062,21
261,13063,21
262,13081,22
263,13110,22
264,13115,22
265,13117,22
266,13155,22
267,13156,22
268,13119,22
269,13157,22
270,13158,21
271,13159,21
272,13293,22
273,13295,22
274,13114,22
275,13116,22
276,13296,22
277,13118,22
278,13177,21
279,13224,21
280,13178,21
281,13229,21
282,13230,21
283,13078,22
284,13082,22
285,13111,22
286,13079,22
287,13080,21
288,13122,26
289,13123,26
290,13171,23
291,13172,23
292,13173,23
293,13174,23
294,13251,23
295,13253,23
296,13255,26
297,13258,23
298,13257,23
299,13263,20
300,13268,20
301,13284,23
302,13245,23
303,13246,23
304,13247,23
305,13248,23
306,13249,23
307,13240,23
308,13077,23
309,13175,26
310,13252,26
311,13254,26
312,13067,20
313,13072,20
314,13161,20
315,13162,20
316,13239,23
317,13066,20
318,13238,23
319,13285,23
320,13068,20
321,13165,20
322,13073,20
323,13120,26
324,13121,26
325,13256,26
326,13260,20
327,13262,20
328,13231,21
329,13233,21
330,13232,22
331,9021,0
332,13234,22
333,13085,20
334,13087,20
335,13086,20
336,13083,20
337,13097,19
338,13183,20
339,13189,20
340,13266,20
341,13167,20
342,13170,20
343,13187,20
344,13188,20
345,13190,20
346,13185,20
347,13166,20
348,13184,20
349,13084,20
350,13179,20
351,13180,20
352,13181,20
353,13182,20
354,13098,19
355,12014,16
356,12125,17
357,13095,19
358,13096,19
359,13137,19
360,13313,19
361,13314,19
362,12129,17
363,13136,19
364,13315,19
365,12049,16
366,12050,16
367,12071,16
368,12096,17
369,12015,16
370,12126,17
371,12021,17
372,12072,16
373,12073,16
374,12020,17
375,12162,12
376,12163,12
377,12051,14
378,12099,14
379,12154,12154
380,12098,14
381,12067,14
382,12167,12
383,12143,14
384,12155,12155
385,12157,12157
386,12158,12158
387,12159,57
388,9056,0
389,12040,14
390,12045,16
391,12046,14
392,12083,57
393,12084,57
394,12107,57
395,12108,57
396,12134,14
397,12135,14
398,12136,14
399,12137,14
400,12042,16
401,12132,16
402,12048,14
403,12082,57
404,12081,57
405,12039,14
406,12144,14
407,12146,14
408,12147,14
409,12149,14
410,9002,14
411,12160,14
412,12041,14
413,12145,14
414,12153,14
415,12161,14
416,12166,12
417,12156,12156
418,9027,0
419,9028,0
420,12068,14
421,12069,14
422,12070,14
423,12168,12
424,12165,12
425,12164,12
426,11111,1
427,11109,1
428,11129,1
429,9022,1
430,9029,0
431,11046,1
432,11047,1
433,11071,4
434,11072,4
435,11083,1
436,11131,1
437,11073,4
438,11049,1
439,11084,1
440,11110,1
441,11132,1
442,11133,1
443,11112,1
444,9030,0
445,12026,17
446,12027,17
447,12079,18
448,12088,15
449,12089,15
450,12090,15
451,12038,18
452,12114,18
453,12115,18
454,15098,35
455,15099,35
456,15100,35
457,15402,35
458,15405,35
459,15400,35
460,15401,35
461,15399,35
462,15398,35
463,15397,35
464,15396,34
465,15403,35
466,17001,37
467,17102,37
468,17003,37
469,17004,37
470,17002,37
471,17005,37
472,17103,38
473,17041,38
474,17104,38
475,17042,37
476,17044,37
477,19006,43
478,19016,43
479,19017,43
480,19018,43
481,19038,43
482,19039,43
483,19042,43
484,19047,43
485,19048,43
486,19062,39
487,19078,41
488,19079,41
489,19080,41
490,19082,41
491,19083,41
492,19096,41
493,19097,39
494,19106,41
495,19095,39
496,19118,39
497,19125,41
498,19126,41
499,19128,41
500,19099,39
501,19144,39
502,19145,41
503,19146,39
504,19147,39
505,19158,39
506,19160,39
507,9013,39
508,19159,39
509,19161,39
510,19162,39
511,19163,39
512,19168,43
513,19172,43
514,19169,43
515,19171,43
516,19173,43
517,13149,26
518,15020,31
519,15024,32
520,15055,32
521,15056,32
522,15053,33
523,15025,31
524,15103,36
525,15104,36
526,15120,36
527,15130,36
528,15135,33
529,15138,33
530,15137,33
531,15139,33
532,15143,33
533,15181,36
534,15182,36
535,15124,36
536,15183,36
537,15184,36
538,15185,36
539,15200,31
540,15265,33
541,15237,33
542,15068,33
543,15236,33
544,15266,33
545,15279,31
546,15280,31
547,15301,31
548,15327,31
549,15333,31
550,15334,31
551,15335,31
552,15337,31
553,15347,31
554,17006,37
555,17011,37
556,17040,37
557,17033,37
558,17073,37
559,17079,37
560,17080,37
561,17081,37
562,17082,37
563,17090,37
564,17092,37
565,17021,37
566,17093,37
567,17094,37
568,17100,37
569,17101,37
570,19174,40
571,19070,40
572,19072,40
573,19077,41
574,19108,40
575,19109,40
576,19111,40
577,19112,40
578,19138,41
579,19139,41
580,15022,32
581,15040,32
582,15041,32
583,15037,32
584,15026,32
585,15038,32
586,15039,32
587,15045,32
588,15047,32
589,15046,32
590,15049,32
591,15059,32
592,15052,32
593,15202,32
594,15203,32
595,15204,32
596,15241,32
597,15240,32
598,15242,32
599,15244,33
600,9058,0
601,15043,32
602,15044,32
603,15136,33
604,15245,33
605,9011,33
606,9015,33
607,15054,33
608,15140,33
609,15141,33
610,15142,33
611,15144,33
612,9010,33
613,15145,33
614,15146,33
615,15003,31
616,15004,31
617,15008,31
618,15011,31
619,15012,31
620,15027,32
621,15030,32
622,15031,32
623,15034,32
624,15036,32
625,15174,32
626,15172,32
627,15177,32
628,15178,32
629,15180,32
630,15285,31
631,15293,32
632,15294,32
633,15296,32
634,15295,32
635,15298,31
636,15299,31
637,15300,31
638,15302,31
639,15303,31
640,15313,32
641,15343,32
642,15344,32
643,15170,32
644,15173,32
645,15286,32
646,15288,32
647,15289,32
648,9019,0
649,15169,32
650,15171,32
651,15007,31
652,15009,31
653,15287,32
654,15290,32
655,15291,32
656,15312,32
657,15314,32
658,15315,32
659,15292,32
660,15028,32
661,15029,32
662,15032,32
663,15033,32
664,15035,32
665,15175,32
666,15176,32
667,15179,32
668,15048,32
669,15269,31
670,15271,31
671,15272,31
672,15276,31
673,15281,31
674,15282,31
675,15283,31
676,15307,31
677,15309,31
678,15310,31
679,15336,31
680,15341,31
681,15350,31
682,15351,31
683,15352,31
684,15005,31
685,15274,31
686,15275,31
687,15284,31
688,15006,31
689,15010,31
690,15013,31
691,15297,31
692,15311,31
693,15270,31
694,15338,31
695,15339,31
696,15340,31
697,15342,31
698,15278,31
699,13150,26
700,15304,31
701,15305,31
702,15308,31
703,15348,31
704,15349,31
705,15306,31
706,15042,32
707,15316,32
708,15319,32
709,15320,32
710,15321,32
711,15322,31
712,15345,32
713,15317,32
714,15318,32
715,15346,32
716,15323,31
717,15023,32
718,15239,32
719,15131,32
720,15050,32
721,15238,32
722,15243,32
723,15051,32
724,15133,32
725,15134,32
726,15132,32
727,15089,35
728,15088,34
729,15210,34
730,15209,34
731,15090,35
732,15091,34
733,15157,33
734,15158,34
735,15164,35
736,15159,35
737,15167,34
738,15168,34
739,15211,34
740,15212,34
741,15214,34
742,15217,34
743,15227,35
744,15231,35
745,15097,35
746,15235,35
747,15251,34
748,15263,34
749,15264,34
750,15360,34
751,15386,34
752,15389,34
753,15391,34
754,17019,37
755,15066,33
756,15072,34
757,15073,34
758,15075,34
759,15147,34
760,15151,33
761,15150,33
762,15152,33
763,15153,33
764,15155,33
765,15257,34
766,15258,34
767,15373,33
768,15377,33
769,15378,33
770,15390,34
771,15154,33
772,15371,33
773,15369,33
774,15374,33
775,15379,33
776,15380,33
777,15381,33
778,15367,33
779,15368,33
780,15375,33
781,15376,33
782,15156,33
783,15370,33
784,15372,33
785,15246,34
786,15247,34
787,15261,34
788,15262,34
789,15366,34
790,15382,34
791,15385,34
792,15383,34
793,15384,34
794,15248,34
795,15249,34
796,15065,33
797,15067,33
798,15069,33
799,15071,33
800,15149,33
801,15074,33
802,15076,33
803,15215,34
804,15250,34
805,15252,34
806,15253,34
807,15255,34
808,15259,34
809,15260,34
810,15392,34
811,15148,34
812,15393,34
813,15394,34
814,15254,34
815,15256,34
816,15216,34
817,15165,34
818,15218,34
819,15220,34
820,15221,35
821,15224,35
822,15228,35
823,15230,35
824,15219,34
825,15166,34
826,15229,35
827,15354,35
828,15353,34
829,15355,34
830,15356,34
831,15357,34
832,15358,34
833,15359,34
834,15387,34
835,15388,34
836,15087,34
837,15161,35
838,15223,35
839,15234,35
840,15222,35
841,15232,35
842,15233,35
843,15070,33
844,15083,34
845,15086,34
846,17039,37
847,15084,34
848,15085,34
849,15213,34
850,17018,37
851,17034,37
852,17099,37
853,15093,35
854,15092,35
855,15095,35
856,15205,35
857,15226,35
858,17009,37
859,17013,37
860,17014,37
861,17015,37
862,17016,37
863,17017,37
864,17077,37
865,17083,37
866,15206,35
867,15207,35
868,15208,35
869,15160,35
870,15162,35
871,15163,35
872,15094,35
873,15096,35
874,15225,35
875,17010,37
876,17008,37
877,17020,37
878,17091,37
879,17071,37
880,17072,37
881,17074,37
882,17075,37
883,17076,37
884,17078,37
885,17085,37
886,17086,37
887,17087,37
888,17088,37
889,17089,37
890,17007,37
891,13016,24
892,13017,24
893,13042,24
894,13045,24
895,13057,25
896,13055,24
897,13051,24
898,13052,25
899,13053,25
900,13059,25
901,13093,19
902,13088,24
903,13130,24
904,13131,24
905,13143,24
906,13019,24
907,13020,24
908,13027,25
909,13031,25
910,13032,25
911,13033,25
912,13030,25
913,13034,25
914,13035,25
915,13037,25
916,13038,25
917,13040,25
918,13041,25
919,13039,25
920,15193,31
921,13132,25
922,13134,25
923,13269,20
924,13272,20
925,13274,20
926,15197,31
927,15325,31
928,15324,31
929,15326,31
930,13005,26
931,13007,26
932,13008,26
933,13010,26
934,13011,26
935,13124,25
936,13125,25
937,15328,31
938,15331,31
939,13006,26
940,13071,26
941,13009,26
942,15329,31
943,15330,31
944,15332,31
945,13280,26
946,13281,26
947,13283,26
948,13271,20
949,13126,25
950,13127,25
951,15057,31
952,15194,31
953,15195,31
954,15196,31
955,15021,31
956,15198,31
957,15201,31
958,15199,31
959,13002,24
960,13028,25
961,13128,24
962,13133,25
963,13152,20
964,13153,25
965,13154,25
966,13306,25
967,13307,25
968,13278,20
969,13279,20
970,13308,25
971,13135,25
972,13309,25
973,13026,25
974,9014,25
975,13029,25
976,13090,19
977,13021,24
978,13022,24
979,13023,25
980,13107,25
981,13140,25
982,13142,25
983,13144,24
984,13108,25
985,13109,25
986,13036,25
987,13024,24
988,13141,24
989,13054,25
990,13060,25
991,13056,25
992,15125,36
993,15128,36
994,13061,25
995,15121,36
996,15122,36
997,15126,36
998,15127,36
999,15129,36
1000,15123,36
1001,13058,25
1002,12031,17
1003,12032,17
1004,13018,24
1005,13015,24
1006,13047,24
1007,13050,24
1008,13049,24
1009,13048,24
1010,13012,19
1011,13025,24
1012,13129,24
1013,13014,19
1014,13089,24
1015,13316,19
1016,13317,19
1017,13013,19
1018,12030,17
1019,13043,24
1020,13044,24
1021,13046,24
1022,12024,17
1023,12029,17
1024,12120,17
1025,12122,17
1026,12124,17
1027,12128,17
1028,12121,17
1029,12025,17
1030,12028,17
1031,19064,40
1032,19066,39
1033,19067,40
1034,19069,40
1035,19068,40
1036,19103,40
1037,19119,40
1038,19120,41
1039,19152,39
1040,19154,39
1041,19155,39
1042,19071,40
1043,19107,40
1044,19058,39
1045,19059,39
1046,19060,39
1047,19061,39
1048,19063,39
1049,19065,39
1050,19098,39
1051,19148,39
1052,19151,39
1053,19122,41
1054,19130,41
1055,19131,41
1056,19132,41
1057,19134,41
1058,19136,41
1059,19156,41
1060,19102,40
1061,19133,40
1062,19135,40
1063,19153,40
1064,19104,41
1065,19105,41
1066,19157,41
1067,19123,41
1068,19124,41
1069,19127,41
1070,19129,41
1071,15109,36
1072,15117,36
1073,15110,36
1074,15111,36
1075,15118,36
1076,15119,36
1077,17022,37
1078,17023,37
1079,17026,37
1080,17025,37
1081,17063,38
1082,17066,37
1083,17067,38
1084,9003,38
1085,17068,37
1086,17069,38
1087,17065,38
1088,17064,38
1089,17070,38
1090,19056,43
1091,19057,43
1092,15105,36
1093,15188,36
1094,15189,36
1095,15190,36
1096,17027,37
1097,17035,38
1098,17036,38
1099,17037,37
1100,15106,36
1101,15107,36
1102,15186,36
1103,15187,36
1104,15108,36
1105,17029,37
1106,17028,37
1107,17038,37
1108,17097,37
1109,17098,37
1110,17030,37
1111,17031,37
1112,17032,37
1113,15112,36
1114,15113,36
1115,15116,36
1116,15115,36
1117,15114,36
1118,15192,36
1119,15191,36
1120,17045,37
1121,17048,37
1122,17046,37
1123,17047,37
1124,17049,37
1125,17050,37
1126,17059,38
1127,17060,38
1128,17056,38
1129,17024,37
1130,17053,38
1131,17052,38
1132,17057,38
1133,17095,37
1134,17096,37
1135,17012,37
1136,17054,38
1137,17055,38
1138,17051,37
1139,17084,37
1140,17058,38
1141,17061,38
1142,17062,38
1143,17043,38
1144,19001,40
1145,19003,40
1146,19005,40
1147,19002,40
1148,19013,43
1149,19015,43
1150,19054,43
1151,19075,40
1152,19110,40
1153,19004,40
1154,19073,40
1155,19137,40
1156,19076,41
1157,19074,40
1158,19014,43
1159,19049,43
1160,19050,43
1161,19051,43
1162,19052,43
1163,19055,43
1164,19053,43
1165,9071,0
1166,19170,43
1167,9076,0
1168,9038,0
1169,15101,35
1170,15102,35
1171,15404,35
1172,9079,0
1173,9078,0
1174,9039,0
1175,9070,0
1176,9040,0
1177,11023,9
1178,11061,10
1179,11062,10
1180,11126,10
1181,11021,10
1182,11143,10
1183,11142,10
1184,19165,43
1185,19164,43
1186,16051,46
1187,16053,46
1188,16054,46
1189,16056,46
1190,16061,46
1191,16063,46
1192,16058,46
1193,16351,46
1194,16064,46
1195,16065,46
1196,16352,46
1197,16085,45
1198,16349,46
1199,16350,46
1200,16087,47
1201,16353,47
1202,16089,47
1203,16100,47
1204,16101,47
1205,16102,47
1206,16119,47
1207,16131,47
1208,16118,47
1209,16354,47
1210,19012,43
1211,16001,42
1212,19081,41
1213,19086,41
1214,19087,41
1215,19088,41
1216,11018,8
1217,11054,8
1218,12007,56
1219,12101,11
1220,12117,11
1221,12119,11
1222,12131,11
1223,16022,42
1224,16023,44
1225,16024,44
1226,16025,44
1227,16027,44
1228,16026,44
1229,16028,44
1230,16029,44
1231,16034,44
1232,16037,44
1233,16035,44
1234,16343,44
1235,16228,44
1236,16301,44
1237,16303,44
1238,16234,44
1239,16304,44
1240,16309,8
1241,11016,8
1242,16225,44
1243,11013,8
1244,16312,44
1245,16313,44
1246,16319,45
1247,16320,45
1248,16324,45
1249,16327,44
1250,16328,45
1251,16329,45
1252,19090,39
1253,19091,39
1254,19092,42
1255,19113,39
1256,19121,39
1257,11017,8
1258,12033,18
1259,12034,18
1260,12036,18
1261,12037,18
1262,12064,13
1263,12066,13
1264,12091,18
1265,12102,13
1266,12103,13
1267,12109,18
1268,12001,15
1269,12087,15
1270,12092,15
1271,12093,15
1272,12095,18
1273,12105,15
1274,12139,15
1275,12140,15
1276,12076,15
1277,12085,15
1278,12086,15
1279,12078,18
1280,12080,18
1281,12094,18
1282,12002,15
1283,12142,15
1284,12141,15
1285,12150,15
1286,12151,15
1287,12106,15
1288,12110,18
1289,12111,18
1290,12112,18
1291,12104,15
1292,12035,18
1293,12113,18
1294,19089,39
1295,19094,39
1296,19093,39
1297,12009,13
1298,12011,13
1299,12010,11
1300,12012,13
1301,12055,56
1302,12062,11
1303,12116,11
1304,12004,13
1305,12060,56
1306,12061,13
1307,12053,56
1308,12059,56
1309,12063,11
1310,12130,11
1311,12057,56
1312,12008,56
1313,12118,11
1314,11053,8
1315,12100,11
1316,16010,44
1317,16011,42
1318,16012,42
1319,16013,42
1320,16014,42
1321,16016,42
1322,16003,42
1323,16285,42
1324,16286,42
1325,16287,42
1326,16288,42
1327,16290,42
1328,16229,42
1329,16292,42
1330,16294,42
1331,16316,42
1332,16317,42
1333,19142,41
1334,19141,41
1335,19150,41
1336,16291,42
1337,19100,39
1338,19116,42
1339,19117,39
1340,19101,39
1341,19143,41
1342,16295,42
1343,16296,42
1344,19114,42
1345,19115,42
1346,16289,42
1347,16002,42
1348,16004,42
1349,16005,42
1350,19084,41
1351,19149,41
1352,19140,41
1353,19085,41
1354,16006,42
1355,16007,42
1356,16008,42
1357,16009,42
1358,16017,42
1359,16019,42
1360,16020,42
1361,16021,42
1362,16015,42
1363,16018,42
1364,16293,42
1365,16284,42
1366,11001,3
1367,11010,8
1368,11011,8
1369,11012,8
1370,11008,7
1371,11030,9
1372,11033,5
1373,11036,7
1374,11037,7
1375,11038,7
1376,11024,3
1377,11057,5
1378,11065,7
1379,11039,7
1380,11081,3
1381,11086,9
1382,11090,5
1383,11091,5
1384,11092,5
1385,11093,5
1386,16030,9
1387,16033,44
1388,16299,44
1389,16297,44
1390,16300,44
1391,16233,44
1392,16318,45
1393,11007,6
1394,11006,6
1395,11045,2
1396,11070,6
1397,11029,6
1398,11077,2
1399,11078,2
1400,11089,6
1401,11097,6
1402,11098,6
1403,11101,5
1404,11056,4
1405,11060,4
1406,11059,4
1407,11066,4
1408,11068,4
1409,11069,4
1410,11076,2
1411,11121,4
1412,11119,4
1413,11120,4
1414,11122,4
1415,11123,4
1416,11009,8
1417,11088,6
1418,11095,6
1419,11096,6
1420,11025,2
1421,11027,1
1422,11028,3
1423,11058,5
1424,11067,2
1425,11079,2
1426,11105,2
1427,11106,2
1428,11107,2
1429,11116,2
1430,11117,2
1431,11115,2
1432,11026,2
1433,11044,3
1434,11108,2
1435,11050,5
1436,11051,5
1437,11052,5
1438,11094,5
1439,11100,5
1440,11099,5
1441,11032,5
1442,11034,5
1443,11014,7
1444,11128,7
1445,11041,7
1446,11085,7
1447,16231,44
1448,16236,44
1449,16298,7
1450,16302,44
1451,16308,44
1452,16311,44
1453,11015,8
1454,16310,44
1455,11040,7
1456,16305,44
1457,16306,44
1458,16315,44
1459,16314,44
1460,16307,44
1461,11063,7
1462,11064,7
1463,16232,44
1464,16235,44
1465,16237,44
1466,9023,44
1467,11002,3
1468,11003,3
1469,11004,3
1470,11080,3
1471,11005,3
1472,11082,3
1473,11031,9
1474,11104,10
1475,16031,45
1476,11087,9
1477,16032,45
1478,16036,45
1479,16042,45
1480,16045,45
1481,16041,45
1482,16048,45
1483,16047,45
1484,16049,45
1485,16050,45
1486,16335,45
1487,16337,45
1488,16338,45
1489,16339,44
1490,16340,44
1491,16336,44
1492,16342,44
1493,16341,45
1494,16226,44
1495,16346,44
1496,16347,44
1497,16227,44
1498,16344,45
1499,16345,45
1500,16038,45
1501,16039,45
1502,16040,45
1503,16052,46
1504,16046,45
1505,16057,46
1506,16321,45
1507,16323,45
1508,16330,45
1509,16332,45
1510,16333,45
1511,16322,45
1512,16331,45
1513,16334,45
1514,16325,45
1515,16326,45
1516,16086,45
1517,16043,46
1518,16348,46
1519,16044,45
1520,16055,46
1521,16068,46
1522,16070,46
1523,16081,46
1524,16082,46
1525,19043,43
1526,19044,43
1527,9061,0
1528,19009,43
1529,19011,43
1530,19022,43
1531,19024,43
1532,19026,43
1533,19027,43
1534,19025,43
1535,19028,43
1536,19030,43
1537,19031,43
1538,19032,43
1539,19033,43
1540,19035,43
1541,19167,43
1542,19007,43
1543,19008,43
1544,19010,43
1545,19021,43
1546,19023,43
1547,19019,43
1548,19020,43
1549,19036,43
1550,19037,43
1551,19040,43
1552,19045,43
1553,19034,43
1554,19041,43
1555,19046,43
1556,19029,43
1557,19166,43
1558,9041,0
1559,9042,0
1560,9080,0
1561,16062,46
1562,16071,46
1563,16077,46
1564,16078,46
1565,16079,46
1566,16083,46
1567,16281,46
1568,16282,46
1569,16283,46
1570,16067,46
1571,16069,46
1572,16072,46
1573,16073,46
1574,16080,46
1575,16084,46
1576,16076,46
1577,16074,46
1578,16075,46
1579,9012,46
1580,16066,46
1581,16059,46
1582,16060,46
1583,9082,0
1584,9043,0
1585,14004,27
1586,14006,28
1587,14011,29
1588,14013,29
1589,14020,29
1590,14021,29
1591,14035,28
1592,14040,28
1593,16112,47
1594,16114,47
1595,16116,47
1596,16115,47
1597,16113,47
1598,16125,47
1599,16124,47
1600,16109,47
1601,16111,47
1602,16130,47
1603,16126,47
1604,16132,47
1605,16133,47
1606,14007,27
1607,11019,10
1608,9031,0
1609,11020,10
1610,11125,10
1611,11124,10
1612,11127,10
1613,14039,27
1614,14005,27
1615,14037,27
1616,14038,27
1617,9032,0
1618,16090,47
1619,16094,47
1620,16098,47
1621,16099,47
1622,16107,47
1623,16110,47
1624,16108,47
1625,16105,47
1626,16230,47
1627,16274,47
1628,16276,47
1629,16280,47
1630,16091,47
1631,16095,47
1632,16096,47
1633,16092,47
1634,16093,47
1635,16273,47
1636,16088,47
1637,16097,47
1638,16275,47
1639,16279,47
1640,16127,47
1641,16128,47
1642,16129,47
1643,16103,47
1644,16120,47
1645,16277,47
1646,16278,47
1647,16106,47
1648,16104,47
1649,16117,47
1650,14014,29
1651,14015,29
1652,14016,29
1653,14034,28
1654,14036,28
1655,9025,0
1656,14017,29
1657,14018,29
1658,14019,29
1659,14012,29
1660,9024,0
1661,9020,0
1662,16123,47
1663,16122,47
1664,18066,50
1665,18067,50
1666,16121,47
1667,16151,49
1668,16152,49
1669,16153,49
1670,16156,48
1671,16158,48
1672,16173,48
1673,16175,48
1674,16238,49
1675,16239,49
1676,16240,49
1677,16142,49
1678,16244,49
1679,16148,49
1680,16242,49
1681,16243,49
1682,16245,49
1683,16262,49
1684,16263,49
1685,16266,49
1686,16356,49
1687,16355,49
1688,16134,49
1689,16135,49
1690,16145,49
1691,16147,49
1692,16136,49
1693,16137,49
1694,16138,49
1695,16140,49
1696,16141,47
1697,16143,49
1698,16146,49
1699,16241,49
1700,16139,49
1701,16149,49
1702,16150,49
1703,16267,49
1704,16144,49
1705,16261,49
1706,9044,0
1707,16154,49
1708,16159,48
1709,16162,48
1710,16164,48
1711,16203,48
1712,16204,48
1713,16205,48
1714,16211,48
1715,16246,49
1716,16247,48
1717,16248,48
1718,16250,48
1719,16206,49
1720,16207,49
1721,16254,48
1722,16255,48
1723,16249,48
1724,16256,48
1725,16257,49
1726,16258,49
1727,16260,49
1728,16264,49
1729,16265,49
1730,16259,49
1731,16251,48
1732,16252,49
1733,16253,49
1734,16208,48
1735,16209,48
1736,16210,48
1737,16212,48
1738,16213,48
1739,16165,48
1740,16166,48
1741,16167,48
1742,16171,48
1743,16172,48
1744,16163,48
1745,16160,48
1746,16161,48
1747,16183,52
1748,16190,52
1749,16155,49
1750,9045,0
1751,16157,48
1752,16177,52
1753,16182,52
1754,16184,52
1755,16185,52
1756,9062,0
1757,9081,0
1758,20037,55
1759,20020,54
1760,20038,54
1761,20022,54
1762,20026,54
1763,20035,54
1764,20016,53
1765,20047,53
1766,20048,53
1767,20039,55
1768,20044,55
1769,20042,55
1770,20040,55
1771,20041,55
1772,20046,55
1773,20043,55
1774,20045,55
1775,18111,50
1776,20036,54
1777,18023,50
1778,18109,50
1779,18022,50
1780,18017,50
1781,18013,50
1782,18019,50
1783,18010,50
1784,18045,50
1785,18046,50
1786,18047,50
1787,18053,50
1788,18054,50
1789,18056,50
1790,18055,50
1791,18062,50
1792,20006,53
1793,20017,53
1794,20010,53
1795,20008,53
1796,20009,53
1797,20001,53
1798,20007,53
1799,20005,53
1800,20004,53
1801,20002,53
1802,18063,50
1803,18068,50
1804,20011,53
1805,20012,53
1806,20013,53
1807,20015,53
1808,20014,53
1809,18001,51
1810,18004,51
1811,18094,51
1812,18002,51
1813,18005,51
1814,18030,50
1815,18031,50
1816,18033,50
1817,18035,50
1818,18042,50
1819,18043,50
1820,18048,50
1821,18078,51
1822,18079,51
1823,18080,51
1824,18083,51
1825,18012,51
1826,18085,51
1827,18081,51
1828,18006,51
1829,18096,51
1830,18095,51
1831,18086,51
1832,18097,51
1833,18101,51
1834,18104,51
1835,18105,51
1836,18106,51
1837,9075,0
1838,16224,48
1839,9004,50
1840,16271,48
1841,18003,48
1842,18027,50
1843,18028,50
1844,18029,50
1845,18032,50
1846,18057,50
1847,18058,50
1848,18087,50
1849,18088,50
1850,18089,50
1851,18090,50
1852,18091,50
1853,18092,50
1854,18093,50
1855,16216,48
1856,16221,48
1857,16217,48
1858,16272,48
1859,16220,48
1860,16181,48
1861,16268,48
1862,16270,48
1863,16269,48
1864,16176,48
1865,18026,50
1866,18037,50
1867,18059,50
1868,18071,50
1869,18072,50
1870,18073,50
1871,18074,50
1872,18075,50
1873,18077,50
1874,18060,50
1875,18076,50
1876,18049,50
1877,18050,50
1878,18034,50
1879,16193,52
1880,16194,52
1881,16196,52
1882,16195,52
1883,16197,52
1884,16359,52
1885,16362,52
1886,16360,52
1887,16198,52
1888,16199,52
1889,16200,52
1890,16191,52
1891,16201,52
1892,18014,51
1893,18020,50
1894,18018,50
1895,18024,50
1896,18036,50
1897,18038,50
1898,18039,50
1899,18040,50
1900,18041,50
1901,18044,50
1902,18051,50
1903,18052,50
1904,18110,50
1905,18011,50
1906,18015,51
1907,18016,50
1908,18021,50
1909,18025,50
1910,18008,51
1911,18009,51
1912,18099,51
1913,18100,51
1914,18084,51
1915,18082,51
1916,18098,51
1917,18007,51
1918,18102,51
1919,18103,51
1920,18107,51
1921,18108,51
1922,9073,0
1923,20023,54
1924,20024,54
1925,20033,54
1926,20018,54
1927,20021,54
1928,20025,54
1929,20027,54
1930,20032,54
1931,20031,54
1932,20029,54
1933,20028,54
1934,20019,54
1935,20030,54
1936,20034,54
1937,9087,0
1938,9086,0
1939,9085,0
1940,9067,0
1941,9050,0
1942,9053,0
1943,9084,0
1944,9074,0
1945,9048,0
1946,9054,0
1947,9049,0
1948,9051,0
1949,9046,0
1950,9072,0
1951,9063,0
1952,9047,0
1953,9064,0
1954,9069,0
1955,9088,0
1956,9089,0
1957,9091,0
1958,9094,0
1959,9095,0
1960,9096,0
1961,9093,0
1962,9097,0
1963,9100,0
1964,9099,0
1965,9092,0
1966,9101,0
1967,9098,0
1968,9102,0
1969,9090,0
1970,9105,0
1971,9104,0
1972,9106,0
1973,9107,0
1974,9108,0
1975,9109,0
1976,9110,0
1977,9111,0
1978,9112,0
1979,9113,0
1980,9116,0
1981,9115,0
1982,9114,0
1983,9103,0
1984,9117,0
1985,9118,0
1986,9119,0
1987,9120,0
1988,9121,0
1989,9122,0
1990,9123,0
1991,9124,0
1992,9125,0
1993,9126,0
1994,9127,0
1995,9128,0
1996,9129,0
1997,9130,0
1998,9131,0
1999,9052,0
2000,8973,0
2001,8894,0
2002,8815,0
2003,8736,0
2004,8657,0
2005,8578,0
2006,8499,0
2007,8420,0
2008,8341,0
2009,8262,0
2010,8183,0
2011,8104,0
2012,8025,0
2013,7946,0
2014,7867,0
2015,7788,0
2016,7709,0
2017,7630,0
2018,7551,0
2019,7472,0
2020,7393,0
2021,7314,0
2022,7235,0
2023,7156,0
2024,7077,0
2025,6998,0
2026,6919,0
2027,6840,0
2028,6761,0
2029,6682,0
2030,6603,0
2031,6524,0
2032,6445,0
2033,6366,0
2034,6287,0
2035,6208,0
2036,6129,0
2037,6050,0
2038,5971,0
2039,5892,0
2040,5813,0
2041,5734,0
2042,5655,0
2043,5576,0
2044,5497,0
2045,5418,0
2046,5339,0
2047,5260,0
2048,5181,0
2049,5102,0
2050,5023,0
2051,4944,0
2052,4865,0
2053,4786,0
2054,4707,0
2055,4628,0
2056,4549,0
2057,4470,0
2058,4391,0
2059,4312,0
2060,4233,0
2061,4154,0
2062,4075,0
2063,3996,0
2064,3917,0
2065,3838,0
2066,3759,0
2067,3680,0
2068,3601,0
2069,3522,0
2070,3443,0
2071,3364,0
2072,3285,0
2073,3206,0
2074,3127,0
2075,3048,0
2076,2969,0
2077,2890,0
2078,2811,0
2079,2732,0
2080,2653,0
2081,2574,0
2082,2495,0
2083,2416,0
2084,2337,0
2085,2258,0
2086,2179,0
2087,2100,0
2088,2021,0
2089,1942,0
2090,1863,0
2091,1784,0
2092,1705,0
2093,1626,0
2094,1547,0
2095,1468,0
2096,1389,0
2097,1310,0
2098,1231,0
2099,1152,0
2100,1073,0
2101,994,0
2102,915,0
2103,836,0
2104,757,0
2105,678,0
2106,599,0
2107,520,0
2108,441,0
2109,362,0
2110,283,0
2111,204,0
2112,125,0
2113,46,0
2114,-33,0
2115,-112,0
2116,-191,0
2117,-270,0
2118,-349,0
2119,-428,0
2120,-507,0
2121,-586,0
2122,-665,0
2123,-744,0
2124,-823,0
2125,-902,0
2126,-981,0
2127,-1060,0
2128,-1139,0
2129,-1218,0
2130,-1297,0
2131,-1376,0
2132,-1455,0
2133,-1534,0
2134,-1613,0
2135,-1692,0
2136,-1771,0
2137,-1850,0
2138,-1929,0
2139,-2008,0
2140,-2087,0
2141,-2166,0
2142,-2245,0
2143,-2324,0
2144,-2403,0
2145,-2482,0
2146,-2561,0
2147,-2640,0
2148,-2719,0
2149,-2798,0
2150,-2877,0
2151,-2956,0
2152,-3035,0
2153,-3114,0
2154,-3193,0
2155,-3272,0
2156,-3351,0
2157,-3430,0
2158,-3509,0
2159,-3588,0
2160,-3667,0
2161,-3746,0
2162,-3825,0
2163,-3904,0
2164,-3983,0
2165,-4062,0
2166,-4141,0
2167,-4220,0
2168,-4299,0
2169,-4378,0
2170,-4457,0
2171,-4536,0
2172,-4615,0
2173,-4694,0
2174,-4773,0
2175,-4852,0
2176,-4931,0
2177,-5010,0
2178,-5089,0
2179,-5168,0
2180,-5247,0
2181,-5326,0
2182,-5405,0
2183,-5484,0
2184,-5563,0
2185,-5642,0
2186,-5721,0
2187,-5800,0
2188,-5879,0
2189,-5958,0
2190,-6037,0
2191,-6116,0
2192,-6195,0
2193,-6274,0
2194,-6353,0
2195,-6432,0
2196,-6511,0
2197,-6590,0
2198,-6669,0
2199,-6748,0
2200,-6827,0
2201,-6906,0
2202,-6985,0
2203,-7064,0
2204,-7143,0
2205,-7222,0
2206,-7301,0
2207,-7380,0
2208,-7459,0
2209,-7538,0
2210,-7617,0
2211,-7696,0
2212,-7775,0
2213,-7854,0
2214,-7933,0
2215,-8012,0
2216,-8091,0
2217,-8170,0
2218,-8249,0
2219,-8328,0
2220,-8407,0
2221,-8486,0
2222,-8565,0
2223,-8644,0
2224,-8723,0
2225,-8802,0
2226,-8881,0
2227,-8960,0
2228,-9039,0
2229,-9118,0
2230,-9197,0
2231,-9276,0
2232,-9355,0
2233,-9434,0
2234,-9513,0
2235,-9592,0
2236,-9671,0
2237,-9750,0
2238,-9829,0
2239,-9908,0
2240,-9987,0
2241,-10066,0
2242,-10145,0
2243,-10224,0
2244,-10303,0
2245,-10382,0
2246,-10461,0
2247,-10540,0
2248,-10619,0
2249,-10698,0
2250,-10777,0
2251,-10856,0
2252,-10935,0
2253,-11014,0
2254,-11093,0
2255,-11172,0
2256,-11251,0
2257,-11330,0
2258,-11409,0
2259,-11488,0
2260,-11567,0
2261,-11646,0
2262,-11725,0
2263,-11804,0
2264,-11883,0
2265,-11962,0
2266,-12041,0
2267,-12120,0
2268,-12199,0
2269,-12278,0
2270,-12357,0
2271,-12436,0
2272,-12515,0
2273,-12594,0
2274,-12673,0
2275,-12752,0
2276,-12831,0
2277,-12910,0
2278,-12989,0
2279,-13068,0
2280,-13147,0
2281,-13226,0
2282,-13305,0
2283,-13384,0
2284,-13463,0
2285,-13542,0
2286,-13621,0
2287,-13700,0
2288,-13779,0
2289,-13858,0
2290,-13937,0
2291,-14016,0
2292,-14095,0
2293,-14174,0
2294,-14253,0
2295,-14332,0
2296,-14411,0
2297,-14490,0
2298,-14569,0
2299,-14648,0
2300,-14727,0
2301,-14806,0
2302,-14885,0
2303,-14964,0
2304,-15043,0
2305,-15122,0
2306,-15201,0
2307,-15280,0
2308,-15359,0
2309,-15438,0
2310,-15517,0
2311,-15596,0
2312,-15675,0
2313,-15754,0
2314,-15833,0
2315,-15912,0
2316,-15991,0
2317,-16070,0
2318,-16149,0
2319,-16228,0
2320,-16307,0
2321,-16386,0
2322,-16465,0
2323,-16544,0
2324,-16623,0
2325,-16702,0
2326,-16781,0
2327,-16860,0
2328,-16939,0
2329,-17018,0
2330,-17097,0
2331,-17176,0
2332,-17255,0
2333,-17334,0
2334,-17413,0
2335,-17492,0
2336,-17571,0
2337,-17650,0
2338,-17729,0
2339,-17808,0
2340,-17887,0
2341,-17966,0
2342,-18045,0
2343,-18124,0
2344,-18203,0
2345,-18282,0
2346,-18361,0
2347,-18440,0
2348,-18519,0
2349,-18598,0
2350,-18677,0
2351,-18756,0
2352,-18835,0
2353,-18914,0
2354,-18993,0
2355,-19072,0
2356,-19151,0
2357,-19230,0
2358,-19309,0
2359,-19388,0
2360,-19467,0
2361,-19546,0
2362,-19625,0
2363,-19704,0
2364,-19783,0
2365,-19862,0
2366,-19941,0
2367,-20020,0
2368,-20099,0
2369,-20178,0
2370,-20257,0
2371,-20336,0
2372,-20415,0
2373,-20494,0
2374,-20573,0
2375,-20652,0
2376,-20731,0
2377,-20810,0
2378,-20889,0
2379,-20968,0
2380,-21047,0
2381,-21126,0
2382,-21205,0
2383,-21284,0
2384,-21363,0
2385,-21442,0
2386,-21521,0
2387,-21600,0
2388,-21679,0
2389,-21758,0
2390,-21837,0
2391,-21916,0
2392,-21995,0
2393,-22074,0
2394,-22153,0
2395,-22232,0
2396,-22311,0
2397,-22390,0
2398,-22469,0
2399,-22548,0
2400,-22627,0
2401,-22706,0
2402,-22785,0
2403,-22864,0
2404,-22943,0
2405,-23022,0
2406,-23101,0
2407,-23180,0
2408,-23259,0
2409,-23338,0
2410,-23417,0
2411,-23496,0
2412,-23575,0
2413,-23654,0
2414,-23733,0
2415,-23812,0
2416,-23891,0
2417,-23970,0
2418,-24049,0
2419,-24128,0
2420,-24207,0
2421,-24286,0
2422,-24365,0
2423,-24444,0
2424,-24523,0
2425,-24602,0
2426,-24681,0
2427,-24760,0
2428,-24839,0
2429,-24918,0
2430,-24997,0
2431,-25076,0
2432,-25155,0
2433,-25234,0
2434,-25313,0
2435,-25392,0
2436,-25471,0
2437,-25550,0
2438,-25629,0
2439,-25708,0
2440,-25787,0
2441,-25866,0
2442,-25945,0
2443,-26024,0
2444,-26103,0
2445,-26182,0
2446,-26261,0
2447,-26340,0
2448,-26419,0
2449,-26498,0
2450,-26577,0
2451,-26656,0
2452,-26735,0
2453,-26814,0
2454,-26893,0
2455,-26972,0
2456,-27051,0
2457,-27130,0
2458,-27209,0
2459,-27288,0
2460,-27367,0
2461,-27446,0
2462,-27525,0
2463,-27604,0
2464,-27683,0
2465,-27762,0
2466,-27841,0
2467,-27920,0
2468,-27999,0
2469,-28078,0
2470,-28157,0
2471,-28236,0
2472,-28315,0
2473,-28394,0
2474,-28473,0
2475,-28552,0
2476,-28631,0
2477,-28710,0
2478,-28789,0
2479,-28868,0
2480,-28947,0
2481,-29026,0
2482,-29105,0
2483,-29184,0
2484,-29263,0
2485,-29342,0
2486,-29421,0
2487,-29500,0
2488,-29579,0
2489,-29658,0
2490,-29737,0
2491,-29816,0
2492,-29895,0
2493,-29974,0
2494,-30053,0
2495,-30132,0
2496,-30211,0
2497,-30290,0
2498,-30369,0
2499,-30448,0
2500,-30527,0
2501,-30606,0
2502,-30685,0
2503,-30764,0
2504,-30843,0
2505,-30922,0
2506,-31001,0
2507,-31080,0
2508,-31159,0
2509,-31238,0
2510,-31317,0
2511,-31396,0
2512,-31475,0
2513,-31554,0
2514,-31633,0
2515,-31712,0
2516,-31791,0
2517,-31870,0
2518,-31949,0
2519,-32028,0
2520,-32107,0
2521,-32186,0
2522,-32265,0
2523,-32344,0
2524,-32423,0
2525,-32502,0
2526,-32581,0
2527,-32660,0
2528,-32739,0
2529,-32818,0
2530,-32897,0
2531,-32976,0
2532,-33055,0
2533,-33134,0
2534,-33213,0
2535,-33292,0
2536,-33371,0
2537,-33450,0
2538,-33529,0
2539,-33608,0
2540,-33687,0
2541,-33766,0
2542,-33845,0
2543,-33924,0
2544,-34003,0
2545,-34082,0
2546,-34161,0
2547,-34240,0
2548,-34319,0
2549,-34398,0
2550,-34477,0
2551,-34556,0
2552,-34635,0
2553,-34714,0
2554,-34793,0
2555,-34872,0
2556,-34951,0
2557,-35030,0
2558,-35109,0
2559,-35188,0
2560,-35267,0
2561,-35346,0
2562,-35425,0
2563,-35504,0
2564,-35583,0
2565,-35662,0
2566,-35741,0
2567,-35820,0
2568,-35899,0
2569,-35978,0
2570,-36057,0
2571,-36136,0
2572,-36215,0
2573,-36294,0
2574,-36373,0
2575,-36452,0
2576,-36531,0
2577,-36610,0
2578,-36689,0
2579,-36768,0
2580,-36847,0
2581,-36926,0
2582,-37005,0
2583,-37084,0
2584,-37163,0
2585,-37242,0
2586,-37321,0
2587,-37400,0
2588,-37479,0
2589,-37558,0
2590,-37637,0
2591,-37716,0
2592,-37795,0
2593,-37874,0
2594,-37953,0
2595,-38032,0
2596,-38111,0
2597,-38190,0
2598,-38269,0
2599,-38348,0
2600,-38427,0
2601,-38506,0
2602,-38585,0
2603,-38664,0
2604,-38743,0
2605,-38822,0
2606,-38901,0
2607,-38980,0
2608,-39059,0
2609,-39138,0
2610,-39217,0
2611,-39296,0
2612,-39375,0
2613,-39454,0
2614,-39533,0
2615,-39612,0
2616,-39691,0
2617,-39770,0
2618,-39849,0
2619,-39928,0
2620,-40007,0
2621,-40086,0
2622,-40165,0
2623,-40244,0
2624,-40323,0
2625,-40402,0
2626,-40481,0
2627,-40560,0
2628,-40639,0
2629,-40718,0
2630,-40797,0
2631,-40876,0
2632,-40955,0
2633,-41034,0
2634,-41113,0
2635,-41192,0
2636,-41271,0
2637,-41350,0
2638,-41429,0
2639,-41508,0
2640,-41587,0
2641,-41666,0
2642,-41745,0
2643,-41824,0
2644,-41903,0
2645,-41982,0
2646,-42061,0
2647,-42140,0
2648,-42219,0
2649,-42298,0
2650,-42377,0
2651,-42456,0
2652,-42535,0
2653,-42614,0
2654,-42693,0
2655,-42772,0
2656,-42851,0
2657,-42930,0
2658,-43009,0
2659,-43088,0
2660,-43167,0
2661,-43246,0
2662,-43325,0
2663,-43404,0
2664,-43483,0
2665,-43562,0
2666,-43641,0
2667,-43720,0
2668,-43799,0
2669,-43878,0
2670,-43957,0
2671,-44036,0
2672,-44115,0
2673,-44194,0
2674,-44273,0
2675,-44352,0
2676,-44431,0
2677,-44510,0
2678,-44589,0
2679,-44668,0
2680,-44747,0
2681,-44826,0
2682,-44905,0
2683,-44984,0
2684,-45063,0
2685,-45142,0
2686,-45221,0
2687,-45300,0
2688,-45379,0
2689,-45458,0
2690,-45537,0
2691,-45616,0
2692,-45695,0
2693,-45774,0
2694,-45853,0
2695,-45932,0
2696,-46011,0
2697,-46090,0
2698,-46169,0
2699,-46248,0
2700,-46327,0
2701,-46406,0
2702,-46485,0
2703,-46564,0
2704,-46643,0
2705,-46722,0
2706,-46801,0
2707,-46880,0
2708,-46959,0
2709,-47038,0
2710,-47117,0
2711,-47196,0
2712,-47275,0
2713,-47354,0
2714,-47433,0
2715,-47512,0
2716,-47591,0
2717,-47670,0
2718,-47749,0
2719,-47828,0
2720,-47907,0
2721,-47986,0
2722,-48065,0
2723,-48144,0
2724,-48223,0
2725,-48302,0
2726,-48381,0
2727,-48460,0
2728,-48539,0
2729,-48618,0
2730,-48697,0
2731,-48776,0
2732,-48855,0
2733,-48934,0
2734,-49013,0
2735,-49092,0
2736,-49171,0
2737,-49250,0
2738,-49329,0
2739,-49408,0
2740,-49487,0
2741,-49566,0
2742,-49645,0
2743,-49724,0
2744,-49803,0
2745,-49882,0
2746,-49961,0
2747,-50040,0
2748,-50119,0
2749,-50198,0
2750,-50277,0
2751,-50356,0
2752,-50435,0
2753,-50514,0
2754,-50593,0
2755,-50672,0
2756,-50751,0
2757,-50830,0
2758,-50909,0
2759,-50988,0
2760,-51067,0
2761,-51146,0
2762,-51225,0
2763,-51304,0
2764,-51383,0
2765,-51462,0
2766,-51541,0
2767,-51620,0
2768,-51699,0
2769,-51778,0
2770,-51857,0
2771,-51936,0
2772,-52015,0
2773,-52094,0
2774,-52173,0
2775,-52252,0
2776,-52331,0
2777,-52410,0
2778,-52489,0
2779,-52568,0
2780,-52647,0
2781,-52726,0
2782,-52805,0
2783,-52884,0
2784,-52963,0
2785,-53042,0
2786,-53121,0
2787,-53200,0
2788,-53279,0
2789,-53358,0
2790,-53437,0
2791,-53516,0
2792,-53595,0
2793,-53674,0
2794,-53753,0
2795,-53832,0
2796,-53911,0
2797,-53990,0
2798,-54069,0
2799,-54148,0
2800,-54227,0
2801,-54306,0
2802,-54385,0
2803,-54464,0
2804,-54543,0
2805,-54622,0
2806,-54701,0
2807,-54780,0
2808,-54859,0
2809,-54938,0
2810,-55017,0
2811,-55096,0
2812,-55175,0
2813,-55254,0
2814,-55333,0
2815,-55412,0
2816,-55491,0
2817,-55570,0
2818,-55649,0
2819,-55728,0
2820,-55807,0
2821,-55886,0
2822,-55965,0
2823,-56044,0
2824,-56123,0
2825,-56202,0
2826,-56281,0
2827,-56360,0
2828,-56439,0
2829,-56518,0
2830,-56597,0
2831,-56676,0
2832,-56755,0
2833,-56834,0
2834,-56913,0
2835,-56992,0
2836,-57071,0
2837,-57150,0
2838,-57229,0
2839,-57308,0
2840,-57387,0
2841,-57466,0
2842,-57545,0
2843,-57624,0
2844,-57703,0
2845,-57782,0
2846,-57861,0
2847,-57940,0
2848,-58019,0
2849,-58098,0
2850,-58177,0
2851,-58256,0
2852,-58335,0
2853,-58414,0
2854,-58493,0
2855,-58572,0
2856,-58651,0
2857,-58730,0
2858,-58809,0
2859,-58888,0
2860,-58967,0
2861,-59046,0
2862,-59125,0
2863,-59204,0
2864,-59283,0
2865,-59362,0
2866,-59441,0
2867,-59520,0
2868,-59599,0
2869,-59678,0
2870,-59757,0
2871,-59836,0
2872,-59915,0
2873,-59994,0
2874,-60073,0
2875,-60152,0
2876,-60231,0
2877,-60310,0
2878,-60389,0
2879,-60468,0
2880,-60547,0
2881,-60626,0
2882,-60705,0
2883,-60784,0
2884,-60863,0
2885,-60942,0
2886,-61021,0
2887,-61100,0
2888,-61179,0
2889,-61258,0
2890,-61337,0
2891,-61416,0
2892,-61495,0
2893,-61574,0
2894,-61653,0
2895,-61732,0
2896,-61811,0
2897,-61890,0
2898,-61969,0
2899,-62048,0
2900,-62127,0
2901,-62206,0
2902,-62285,0
2903,-62364,0
2904,-62443,0
2905,-62522,0
2906,-62601,0
2907,-62680,0
2908,-62759,0
2909,-62838,0
2910,-62917,0
2911,-62996,0
2912,-63075,0
2913,-63154,0
2914,-63233,0
2915,-63312,0
2916,-63391,0
2917,-63470,0
2918,-63549,0
2919,-63628,0
2920,-63707,0
2921,-63786,0
2922,-63865,0
2923,-63944,0
2924,-64023,0
2925,-64102,0
2926,-64181,0
2927,-64260,0
2928,-64339,0
2929,-64418,0
2930,-64497,0
2931,-64576,0
2932,-64655,0
2933,-64734,0
2934,-64813,0
2935,-64892,0
2936,-64971,0
2937,-65050,0
2938,-65129,0
2939,-65208,0
2940,-65287,0
2941,-65366,0
2942,-65445,0
2943,-65524,0
2944,-65603,0
2945,-65682,0
2946,-65761,0
2947,-65840,0
2948,-65919,0
2949,-65998,0
2950,-66077,0
2951,-66156,0
2952,-66235,0
2953,-66314,0
2954,-66393,0
2955,-66472,0
2956,-66551,0
2957,-66630,0
2958,-66709,0
2959,-66788,0
2960,-66867,0
2961,-66946,0
2962,-67025,0
2963,-67104,0
2964,-67183,0
2965,-67262,0
2966,-67341,0
2967,-67420,0
2968,-67499,0
2969,-67578,0
2970,-67657,0
2971,-67736,0
2972,-67815,0
2973,-67894,0
2974,-67973,0
2975,-68052,0
2976,-68131,0
2977,-68210,0
2978,-68289,0
2979,-68368,0
2980,-68447,0
2981,-68526,0
2982,-68605,0
2983,-68684,0
2984,-68763,0
2985,-68842,0
2986,-68921,0
2987,-69000,0
2988,-69079,0
2989,-69158,0
2990,-69237,0
2991,-69316,0
2992,-69395,0
2993,-69474,0
2994,-69553,0
2995,-69632,0
2996,-69711,0
2997,-69790,0
2998,-69869,0
2999,-69948,0
3000,-70027,0
3001,-70106,0
3002,-70185,0
3003,-70264,0
3004,-70343,0
3005,-70422,0
3006,-70501,0
3007,-70580,0
3008,-70659,0
3009,-70738,0
3010,-70817,0
3011,-70896,0
3012,-70975,0
3013,-71054,0
3014,-71133,0
3015,-71212,0
3016,-71291,0
3017,-71370,0
3018,-71449,0
3019,-71528,0
3020,-71607,0
3021,-71686,0
3022,-71765,0
3023,-71844,0
3024,-71923,0
3025,-72002,0
3026,-72081,0
3027,-72160,0
3028,-72239,0
3029,-72318,0
3030,-72397,0
3031,-72476,0
3032,-72555,0
3033,-72634,0
3034,-72713,0
3035,-72792,0
3036,-72871,0
3037,-72950,0
3038,-73029,0
3039,-73108,0
3040,-73187,0
3041,-73266,0
3042,-73345,0
3043,-73424,0
3044,-73503,0
3045,-73582,0
3046,-73661,0
3047,-73740,0
3048,-73819,0
3049,-73898,0
3050,-73977,0
3051,-74056,0
3052,-74135,0
3053,-74214,0
3054,-74293,0
3055,-74372,0
3056,-74451,0
3057,-74530,0
3058,-74609,0
3059,-74688,0
3060,-74767,0
3061,-74846,0
3062,-74925,0
3063,-75004,0
3064,-75083,0
3065,-75162,0
3066,-75241,0
3067,-75320,0
3068,-75399,0
3069,-75478,0
3070,-75557,0
3071,-75636,0
3072,-75715,0
3073,-75794,0
3074,-75873,0
3075,-75952,0
3076,-76031,0
3077,-76110,0
3078,-76189,0
3079,-76268,0
3080,-76347,0
3081,-76426,0
3082,-76505,0
3083,-76584,0
3084,-76663,0
3085,-76742,0
3086,-76821,0
3087,-76900,0
3088,-76979,0
3089,-77058,0
3090,-77137,0
3091,-77216,0
3092,-77295,0
3093,-77374,0
3094,-77453,0
3095,-77532,0
3096,-77611,0
3097,-77690,0
3098,-77769,0
3099,-77848,0
3100,-77927,0
3101,-78006,0
3102,-78085,0
3103,-78164,0
3104,-78243,0
3105,-78322,0
3106,-78401,0
3107,-78480,0
3108,-78559,0
3109,-78638,0
3110,-78717,0
3111,-78796,0
3112,-78875,0
3113,-78954,0
3114,-79033,0
3115,-79112,0
3116,-79191,0
3117,-79270,0
3118,-79349,0
3119,-79428,0
3120,-79507,0
3121,-79586,0
3122,-79665,0
3123,-79744,0
3124,-79823,0
3125,-79902,0
3126,-79981,0
3127,-80060,0
3128,-80139,0
3129,-80218,0
3130,-80297,0
3131,-80376,0
3132,-80455,0
3133,-80534,0
3134,-80613,0
3135,-80692,0
3136,-80771,0
3137,-80850,0
3138,-80929,0
3139,-81008,0
3140,-81087,0
3141,-81166,0
3142,-81245,0
3143,-81324,0
3144,-81403,0
3145,-81482,0
3146,-81561,0
3147,-81640,0
3148,-81719,0
3149,-81798,0
3150,-81877,0
3151,-81956,0
3152,-82035,0
3153,-82114,0
3154,-82193,0
3155,-82272,0
3156,-82351,0
3157,-82430,0
3158,-82509,0
3159,-82588,0
3160,-82667,0
3161,-82746,0
3162,-82825,0
3163,-82904,0
3164,-82983,0
3165,-83062,0
3166,-83141,0
3167,-83220,0
3168,-83299,0
3169,-83378,0
3170,-83457,0
3171,-83536,0
3172,-83615,0
3173,-83694,0
3174,-83773,0
3175,-83852,0
3176,-83931,0
3177,-84010,0
3178,-84089,0
3179,-84168,0
3180,-84247,0
3181,-84326,0
3182,-84405,0
3183,-84484,0
3184,-84563,0
3185,-84642,0
3186,-84721,0
3187,-84800,0
3188,-84879,0
3189,-84958,0
3190,-85037,0
3191,-85116,0
3192,-85195,0
3193,-85274,0
3194,-85353,0
3195,-85432,0
3196,-85511,0
3197,-85590,0
3198,-85669,0
3199,-85748,0
3200,-85827,0
3201,-85906,0
3202,-85985,0
3203,-86064,0
3204,-86143,0
3205,-86222,0
3206,-86301,0
3207,-86380,0
3208,-86459,0
3209,-86538,0
3210,-86617,0
3211,-86696,0
3212,-86775,0
3213,-86854,0
3214,-86933,0
3215,-87012,0
3216,-87091,0
3217,-87170,0
3218,-87249,0
3219,-87328,0
3220,-87407,0
3221,-87486,0
3222,-87565,0
3223,-87644,0
3224,-87723,0
3225,-87802,0
3226,-87881,0
3227,-87960,0
3228,-88039,0
3229,-88118,0
3230,-88197,0
3231,-88276,0
3232,-88355,0
3233,-88434,0
3234,-88513,0
3235,-88592,0
3236,-88671,0
3237,-88750,0
3238,-88829,0
3239,-88908,0
3240,-88987,0
3241,-89066,0
3242,-89145,0
3243,-89224,0
3244,-89303,0
3245,-89382,0
3246,-89461,0
3247,-89540,0
3248,-89619,0
3249,-89698,0
3250,-89777,0
3251,-89856,0
3252,-89935,0
3253,-90014,0
3254,-90093,0
3255,-90172,0
3256,-90251,0
3257,-90330,0
3258,-90409,0
3259,-90488,0
3260,-90567,0
3261,-90646,0
3262,-90725,0
3263,-90804,0
3264,-90883,0
3265,-90962,0
3266,-91041,0
3267,-91120,0
3268,-91199,0
3269,-91278,0
3270,-91357,0
3271,-91436,0
3272,-91515,0
3273,-91594,0
3274,-91673,0
3275,-91752,0
3276,-91831,0
3277,-91910,0
3278,-91989,0
3279,-92068,0
3280,-92147,0
3281,-92226,0
3282,-92305,0
3283,-92384,0
3284,-92463,0
3285,-92542,0
3286,-92621,0
3287,-92700,0
3288,-92779,0
3289,-92858,0
3290,-92937,0
3291,-93016,0
3292,-93095,0
3293,-93174,0
3294,-93253,0
3295,-93332,0
3296,-93411,0
3297,-93490,0
3298,-93569,0
3299,-93648,0
3300,-93727,0
3301,-93806,0
3302,-93885,0
3303,-93964,0
3304,-94043,0
3305,-94122,0
3306,-94201,0
3307,-94280,0
3308,-94359,0
3309,-94438,0
3310,-94517,0
3311,-94596,0
3312,-94675,0
3313,-94754,0
3314,-94833,0
3315,-94912,0
3316,-94991,0
3317,-95070,0
3318,-95149,0
3319,-95228,0
3320,-95307,0
3321,-95386,0
3322,-95465,0
3323,-95544,0
3324,-95623,0
3325,-95702,0
3326,-95781,0
3327,-95860,0
3328,-95939,0
3329,-96018,0
3330,-96097,0
3331,-96176,0
3332,-96255,0
3333,-96334,0
3334,-96413,0
3335,-96492,0
3336,-96571,0
3337,-96650,0
3338,-96729,0
3339,-96808,0
3340,-96887,0
3341,-96966,0
3342,-97045,0
3343,-97124,0
3344,-97203,0
3345,-97282,0
3346,-97361,0
3347,-97440,0
3348,-97519,0
3349,-97598,0
3350,-97677,0
3351,-97756,0
3352,-97835,0
3353,-97914,0
3354,-97993,0
3355,-98072,0
3356,-98151,0
3357,-98230,0
3358,-98309,0
3359,-98388,0
3360,-98467,0
3361,-98546,0
3362,-98625,0
3363,-98704,0
3364,-98783,0
3365,-98862,0
3366,-98941,0
3367,-99020,0
3368,-99099,0
3369,-99178,0
3370,-99257,0
3371,-99336,0
3372,-99415,0
3373,-99494,0
3374,-99573,0
3375,-99652,0
3376,-99731,0
3377,-99810,0
3378,-99889,0
3379,-99968,0
3380,-100047,0
3381,-100126,0
3382,-100205,0
3383,-100284,0
3384,-100363,0
3385,-100442,0
3386,-100521,0
3387,-100600,0
3388,-100679,0
3389,-100758,0
3390,-100837,0
3391,-100916,0
3392,-100995,0
3393,-101074,0
3394,-101153,0
3395,-101232,0
3396,-101311,0
3397,-101390,0
3398,-101469,0
3399,-101548,0
3400,-101627,0
3401,-101706,0
3402,-101785,0
3403,-101864,0
3404,-101943,0
3405,-102022,0
3406,-102101,0
3407,-102180,0
3408,-102259,0
3409,-102338,0
3410,-102417,0
3411,-102496,0
3412,-102575,0
3413,-102654,0
3414,-102733,0
3415,-102812,0
3416,-102891,0
3417,-102970,0
3418,-103049,0
3419,-103128,0
3420,-103207,0
3421,-103286,0
3422,-103365,0
3423,-103444,0
3424,-103523,0
3425,-103602,0
3426,-103681,0
3427,-103760,0
3428,-103839,0
3429,-103918,0
3430,-103997,0
3431,-104076,0
3432,-104155,0
3433,-104234,0
3434,-104313,0
3435,-104392,0
3436,-104471,0
3437,-104550,0
3438,-104629,0
3439,-104708,0
3440,-104787,0
3441,-104866,0
3442,-104945,0
3443,-105024,0
3444,-105103,0
3445,-105182,0
3446,-105261,0
3447,-105340,0
3448,-105419,0
3449,-105498,0
3450,-105577,0
3451,-105656,0
3452,-105735,0
3453,-105814,0
3454,-105893,0
3455,-105972,0
3456,-106051,0
3457,-106130,0
3458,-106209,0
3459,-106288,0
3460,-106367,0
3461,-106446,0
3462,-106525,0
3463,-106604,0
3464,-106683,0
3465,-106762,0
3466,-106841,0
3467,-106920,0
3468,-106999,0
3469,-107078,0
3470,-107157,0
3471,-107236,0
3472,-107315,0
3473,-107394,0
3474,-107473,0
3475,-107552,0
3476,-107631,0
3477,-107710,0
3478,-107789,0
3479,-107868,0
3480,-107947,0
3481,-108026,0
3482,-108105,0
3483,-108184,0
3484,-108263,0
3485,-108342,0
3486,-108421,0
3487,-108500,0
3488,-108579,0
3489,-108658,0
3490,-108737,0
3491,-108816,0
3492,-108895,0
3493,-108974,0
3494,-109053,0
3495,-109132,0
3496,-109211,0
3497,-109290,0
3498,-109369,0
3499,-109448,0
3500,-109527,0
3501,-109606,0
3502,-109685,0
3503,-109764,0
3504,-109843,0
3505,-109922,0
3506,-110001,0
3507,-110080,0
3508,-110159,0
3509,-110238,0
3510,-110317,0
3511,-110396,0
3512,-110475,0
3513,-110554,0
3514,-110633,0
3515,-110712,0
3516,-110791,0
3517,-110870,0
3518,-110949,0
3519,-111028,0
3520,-111107,0
3521,-111186,0
3522,-111265,0
3523,-111344,0
3524,-111423,0
3525,-111502,0
3526,-111581,0
3527,-111660,0
3528,-111739,0
3529,-111818,0
3530,-111897,0
3531,-111976,0
3532,-112055,0
3533,-112134,0
3534,-112213,0
3535,-112292,0
3536,-112371,0
3537,-112450,0
3538,-112529,0
3539,-112608,0
3540,-112687,0
3541,-112766,0
3542,-112845,0
3543,-112924,0
3544,-113003,0
3545,-113082,0
3546,-113161,0
3547,-113240,0
3548,-113319,0
3549,-113398,0
3550,-113477,0
3551,-113556,0
3552,-113635,0
3553,-113714,0
3554,-113793,0
3555,-113872,0
3556,-113951,0
3557,-114030,0
3558,-114109,0
3559,-114188,0
3560,-114267,0
3561,-114346,0
3562,-114425,0
3563,-114504,0
3564,-114583,0
3565,-114662,0
3566,-114741,0
3567,-114820,0
3568,-114899,0
3569,-114978,0
3570,-115057,0
3571,-115136,0
3572,-115215,0
3573,-115294,0
3574,-115373,0
3575,-115452,0
3576,-115531,0
3577,-115610,0
3578,-115689,0
3579,-115768,0
3580,-115847,0
3581,-115926,0
3582,-116005,0
3583,-116084,0
3584,-116163,0
3585,-116242,0
3586,-116321,0
3587,-116400,0
3588,-116479,0
3589,-116558,0
3590,-116637,0
3591,-116716,0
3592,-116795,0
3593,-116874,0
3594,-116953,0
3595,-117032,0
3596,-117111,0
3597,-117190,0
3598,-117269,0
3599,-117348,0
3600,-117427,0
3601,-117506,0
3602,-117585,0
3603,-117664,0
3604,-117743,0
3605,-117822,0
3606,-117901,0
3607,-117980,0
3608,-118059,0
3609,-118138,0
3610,-118217,0
3611,-118296,0
3612,-118375,0
3613,-118454,0
3614,-118533,0
3615,-118612,0
3616,-118691,0
3617,-118770,0
3618,-118849,0
3619,-118928,0
3620,-119007,0
3621,-119086,0
3622,-119165,0
3623,-119244,0
3624,-119323,0
3625,-119402,0
3626,-119481,0
3627,-119560,0
3628,-119639,0
3629,-119718,0
3630,-119797,0
3631,-119876,0
3632,-119955,0
3633,-120034,0
3634,-120113,0
3635,-120192,0
3636,-120271,0
3637,-120350,0
3638,-120429,0
3639,-120508,0
3640,-120587,0
3641,-120666,0
3642,-120745,0
3643,-120824,0
3644,-120903,0
3645,-120982,0
3646,-121061,0
3647,-121140,0
3648,-121219,0
3649,-121298,0
3650,-121377,0
3651,-121456,0
3652,-121535,0
3653,-121614,0
3654,-121693,0
3655,-121772,0
3656,-121851,0
3657,-121930,0
3658,-122009,0
3659,-122088,0
3660,-122167,0
3661,-122246,0
3662,-122325,0
3663,-122404,0
3664,-122483,0
3665,-122562,0
3666,-122641,0
3667,-122720,0
3668,-122799,0
3669,-122878,0
3670,-122957,0
3671,-123036,0
3672,-123115,0
3673,-123194,0
3674,-123273,0
3675,-123352,0
3676,-123431,0
3677,-123510,0
3678,-123589,0
3679,-123668,0
3680,-123747,0
3681,-123826,0
3682,-123905,0
3683,-123984,0
3684,-124063,0
3685,-124142,0
3686,-124221,0
3687,-124300,0
3688,-124379,0
3689,-124458,0
3690,-124537,0
3691,-124616,0
3692,-124695,0
3693,-124774,0
3694,-124853,0
3695,-124932,0
3696,-125011,0
3697,-125090,0
3698,-125169,0
3699,-125248,0
3700,-125327,0
3701,-125406,0
3702,-125485,0
3703,-125564,0
3704,-125643,0
3705,-125722,0
3706,-125801,0
3707,-125880,0
3708,-125959,0
3709,-126038,0
3710,-126117,0
3711,-126196,0
3712,-126275,0
3713,-126354,0
3714,-126433,0
3715,-126512,0
3716,-126591,0
3717,-126670,0
3718,-126749,0
3719,-126828,0
3720,-126907,0
3721,-126986,0
3722,-127065,0
3723,-127144,0
3724,-127223,0
3725,-127302,0
3726,-127381,0
3727,-127460,0
3728,-127539,0
3729,-127618,0
3730,-127697,0
3731,-127776,0
3732,-127855,0
3733,-127934,0
3734,-128013,0
3735,-128092,0
3736,-128171,0
3737,-128250,0
3738,-128329,0
3739,-128408,0
3740,-128487,0
3741,-128566,0
3742,-128645,0
3743,-128724,0
3744,-128803,0
3745,-128882,0
3746,-128961,0
3747,-129040,0
3748,-129119,0
3749,-129198,0
3750,-129277,0
3751,-129356,0
3752,-129435,0
3753,-129514,0
3754,-129593,0
3755,-129672,0
3756,-129751,0
3757,-129830,0
3758,-129909,0
3759,-129988,0
3760,-130067,0
3761,-130146,0
3762,-130225,0
3763,-130304,0
3764,-130383,0
3765,-130462,0
3766,-130541,0
3767,-130620,0
3768,-130699,0
3769,-130778,0
3770,-130857,0
3771,-130936,0
3772,-131015,0
3773,-131094,0
3774,-131173,0
3775,-131252,0
3776,-131331,0
3777,-131410,0
3778,-131489,0
3779,-131568,0
3780,-131647,0
3781,-131726,0
3782,-131805,0
3783,-131884,0
3784,-131963,0
3785,-132042,0
3786,-132121,0
3787,-132200,0
3788,-132279,0
3789,-132358,0
3790,-132437,0
3791,-132516,0
3792,-132595,0
3793,-132674,0
3794,-132753,0
3795,-132832,0
3796,-132911,0
3797,-132990,0
3798,-133069,0
3799,-133148,0
3800,-133227,0
3801,-133306,0
3802,-133385,0
3803,-133464,0
3804,-133543,0
3805,-133622,0
3806,-133701,0
3807,-133780,0
3808,-133859,0
3809,-133938,0
3810,-134017,0
3811,-134096,0
3812,-134175,0
3813,-134254,0
3814,-134333,0
3815,-134412,0
3816,-134491,0
3817,-134570,0
3818,-134649,0
3819,-134728,0
3820,-134807,0
3821,-134886,0
3822,-134965,0
3823,-135044,0
3824,-135123,0
3825,-135202,0
3826,-135281,0
3827,-135360,0
3828,-135439,0
3829,-135518,0
3830,-135597,0
3831,-135676,0
3832,-135755,0
3833,-135834,0
3834,-135913,0
3835,-135992,0
3836,-136071,0
3837,-136150,0
3838,-136229,0
3839,-136308,0
3840,-136387,0
3841,-136466,0
3842,-136545,0
3843,-136624,0
3844,-136703,0
3845,-136782,0
3846,-136861,0
3847,-136940,0
3848,-137019,0
3849,-137098,0
3850,-137177,0
3851,-137256,0
3852,-137335,0
3853,-137414,0
3854,-137493,0
3855,-137572,0
3856,-137651,0
3857,-137730,0
3858,-137809,0
3859,-137888,0
3860,-137967,0
3861,-138046,0
3862,-138125,0
3863,-138204,0
3864,-138283,0
3865,-138362,0
3866,-138441,0
3867,-138520,0
3868,-138599,0
3869,-138678,0
3870,-138757,0
3871,-138836,0
3872,-138915,0
3873,-138994,0
3874,-139073,0
3875,-139152,0
3876,-139231,0
